<?xml version="1.0" encoding="UTF-8"?>
<metadata>
  <idinfo>
    <citation>
      <citeinfo>
        <origin>Daniel B Fagre</origin>
        <origin>Lisa A McKeon</origin>
        <pubdate>2017</pubdate>
        <title>1966_Glacier margins derived from USGS 1966 topographic maps for the named glaciers of Glacier National Park, MT and environs</title>
        <geoform>Vector Digital Data Set (Polygon)</geoform>
        <pubinfo>
          <pubplace>Reston,VA</pubplace>
          <publish>U.S. Geological Survey</publish>
        </pubinfo>
        <onlink>https://dx.doi.org/10.5066/F7P26WB1</onlink>
      </citeinfo>
    </citation>
    <descript>
      <abstract>The 1966 polygons included in this data release represent the main body portion of the 37 named glaciers of Glacier National Park (GNP) and 2 named glaciers on the U.S. Forest Service’s Flathead National Forest land. This is a subset of the original mapping effort derived from 1:24000 scale mapping of named glaciers and permanent snowfields within Glacier National Park, Montana which were digitized by Richard Menicke (Glacier National Park) and Carl Key (U.S. Geological Survey) in 1993. These data are based on USGS 7.5 minute quadrangle mapping published from 1966 through 1968 which were the result of the earliest park-wide aerial surveys of snow and ice features in GNP. Examination of the aerial photographs shows that seasonal snow was present at some of the glaciers, limiting the ability of the 1966-1968 cartographers to see and map the glacier ice margins. This resulted in some smoothed and generalized outlines of the glaciers where the cartographers were likely guessing where the ice margins were under the snow. In addition, some photographs show exposed glacier margin ice with irregular patterns that are not represented by the mapped ice margin. It appeared that the original cartographers used a more generalized outline for the glaciers and were not concerned with small scale ice features even when they were evident in the photographs. Despite the generalized nature of the glacier outlines, which were also limited by mapping technology and standards of the time, the dataset represents the baseline for the glacier margins derived from aerial photography. In several cases, because of the generalized nature of the 1966-1968 mapping, a glacier perimeter did not seem as if it reflected likely location in the basin topography. In these cases the original USGS aerial imagery was referred to for verification and revision if the error seemed significant. Specifics of margin revision are detailed in attribute files for those glaciers that warranted change as part of the time series analysis conducted by Dan Fagre and Lisa McKeon (USGS) in February - August, 2016. For each glacier, determination of what constituted the "main body" was made in accordance with USGS criteria outlined in Supplemental Information section of the xml file and some disconnected patches were eliminated in the interest of keeping this analysis strictly to glacier main bodies.</abstract>
      <purpose>The purpose of this dataset is to develop a time series and history of glacier recession in Glacier National Park, Montana, USA. This dataset consists of polygons that delineate the 1966 perimeters of the named glaciers of Glacier National Park and two additional glaciers on U.S. Forest Service’s Flathead National Forest land (the Bob Marshall Wilderness Complex) which borders GNP to the south.  Establishing the rates of glacier retreat, using the decreasing area of glacier ice, is key to understanding the Glacier National Park ecosystem and future state of resources. For instance, glacial meltwater provides critical habitat for endangered stream insects.  More broadly, retreating glaciers are indicative of long term climate change and have hydrologic and ecologic importance to many park resources.  Glaciers and their retreat are of great interest to park visitors and the American public and are part of Glacier National Park's appeal. This is important because Glacier National Park is a major driver of the regional economy. Appropriate use of these data include comparing Glacier National Park's glacier area from different periods, such as subsequent years included in the data release, and from different parts of the world. The change in glacier area can be used to test models of glacier-climate interactions, and to estimate glacier contributions to streamflow. A caveat to use of this dataset is the recognition that mapping technologies of 1966 were different from current technologies in accuracy and resolution. Thus, the glacier outlines in this dataset are more generalized than those from subsequent years included in this data release.</purpose>
      <supplinf>This dataset represents the named glaciers of Glacier National Park (including 2 nearby glaciers on U.S. Forest Service’s Flathead National Forest land). The "named glaciers" constitute a subset of the total snow and ice inventory of the park and do not represent a comprehensive accounting of all glaciers or permanent ice features in the park. A subsequent dataset will be published that will include all cryospheric features and better represent the hydrologic contribution of ice and snow features of the park. As glaciers shrink in size they leave behind remnants of ice and often break up into pieces of ice. The criteria used for determining which bodies of ice constituted a glacier were a) using the largest ice body remaining that was obviously separated by exposed rock from other ice bodies, and b) if the largest ice body was connected to other ice bodies by narrow strips of snow or ice, those other ice bodies were excluded if the strips were thought to be snow or if the (barely) attached ice body was very small relative to the main ice body and was not functioning as part of the glacier, e.g. showing any evidence of movement or contributing ice to the main body. An exception was made if the glacier had separated into two ice bodies of approximately the same size which were each large enough to be glaciers (0.1 km2) and/or were narrowly separated by a ledge where the upper ice body was still delivering ice to the lower body.</supplinf>
    </descript>
    <timeperd>
      <timeinfo>
        <rngdates>
          <begdate>1966</begdate>
          <enddate>1968</enddate>
        </rngdates>
      </timeinfo>
      <current>Observed</current>
    </timeperd>
    <status>
      <progress>Complete</progress>
      <update>None planned</update>
    </status>
    <spdom>
      <bounding>
        <westbc>-114.236356545</westbc>
        <eastbc>-113.502773433</eastbc>
        <northbc>49.00050802</northbc>
        <southbc>48.308771148</southbc>
      </bounding>
    </spdom>
    <keywords>
      <theme>
        <themekt>None</themekt>
        <themekey>glacier area</themekey>
        <themekey>glacier</themekey>
        <themekey>margin</themekey>
        <themekey>1966</themekey>
        <themekey>cryosphere</themekey>
        <themekey>alpine glacier</themekey>
        <themekey>1966 USGS aerial imagery</themekey>
        <themekey>glacier retreat</themekey>
      </theme>
      <theme>
        <themekt>USGS Thesaurus</themekt>
        <themekey>snow and ice cover</themekey>
      </theme>
      <theme>
        <themekt>ISO 19115 Topic Category</themekt>
        <themekey>geoscientificInformation</themekey>
        <themekey>environment</themekey>
      </theme>
      <theme>
        <themekt>USGS Metadata Identifier</themekt>
        <themekey>USGS:58af7532e4b01ccd54f9f5d3</themekey>
      </theme>
      <place>
        <placekt>None</placekt>
        <placekey>Glacier National Park</placekey>
        <placekey>GLAC</placekey>
        <placekey>Flathead County</placekey>
        <placekey>Glacier County</placekey>
        <placekey>Montana</placekey>
        <placekey>United States</placekey>
        <placekey>North America</placekey>
        <placekey>National Park Service</placekey>
        <placekey>NPS</placekey>
      </place>
    </keywords>
    <accconst>None</accconst>
    <useconst>Not for use at scales finer than 1:24,000.</useconst>
    <ptcontac>
      <cntinfo>
        <cntperp>
          <cntper>Daniel B Fagre</cntper>
          <cntorg>U.S. Geological Survey</cntorg>
        </cntperp>
        <cntpos>Research Ecologist</cntpos>
        <cntaddr>
          <addrtype>mailing address</addrtype>
          <address>PO Box 169</address>
          <city>West Glacier</city>
          <state>MT</state>
          <postal>59936</postal>
          <country>USA</country>
        </cntaddr>
        <cntvoice>406-888-7922</cntvoice>
        <cntfax>406-888-7923</cntfax>
        <cntemail>dan_fagre@usgs.gov</cntemail>
        <hours>M-F, 0800-1600 MST</hours>
      </cntinfo>
    </ptcontac>
    <datacred>Richard Menicke, Glacier National Park GIS Coordinator, and Carl Key, USGS research scientist, made contributions to this dataset through their efforts of 1:24000 scale mapping of named glaciers and permanent snowfields within Glacier National Park, Montana. These data were based on USGS 7.5 minute quadrangle mapping published from 1966 through 1968. Their resulting shapefile served as the basis for analyzing the named glaciers of Glacier National Park in this analysis.</datacred>
    <native>Environment as of Metadata Creation: Microsoft Windows 7 Version 6.1 (Build 7601) Service Pack 1; Esri ArcGIS 10.4.1 (Build 5686) Service Pack N/A (Build N/A)</native>
  </idinfo>
  <dataqual>
    <attracc>
      <attraccr>All attributes were from Glacier National Park’s Geographic Information System base layer for glaciers as digitized by Richard Menicke (Glacier National Park) and Carl Key (U.S. Geological Survey) from 1966-1968 USGS 7.5 minute quadrangle maps (see abstract). Values could differ from “true” values in two ways. The first is the accuracy in digitizing the glacier margins from the paper maps. Comparison of the glacier margins on the paper maps with the digital polygons indicates close adherence to the “true” values. The second way is the degree to which the glacier margins on the paper maps accurately reflect the margins shown in the photographs. As previously noted, cartographers had to interpret where glacier margins were when seasonal snow covered some margins or in cases where the photograph was of poor quality due to presence of clouds. The tendency to make more generalized glacier outlines was previously noted. The degree of oversight and quality control in mapping margins from the 1966 photographs is not known to us but would have followed the generally high standards of the U.S. Geological Survey for that era. For each glacier, determination of what constituted the "main body" was made in accordance with USGS criteria outlined in “Supplemental Information” and some disconnected patches were eliminated in the interest of keeping this analysis strictly to glacier main bodies. In several cases, because of the generalized nature of the 1966-1968 mapping, a glacier perimeter did not seem as if it reflected likely location in the basin topography.  In these cases the original USGS aerial imagery was referred to for verification and revision if the error seemed significant. Specifics of revision for any glacier is detailed in attribute file.</attraccr>
    </attracc>
    <logic>Polygon and arc-node topology does not exist. The data set is in ESRI shapefile format.  No formal logical accuracy tests were conducted.  Margins were delineated by cartographers in 1966-1968 based on visual interpretation of glacial features as indicated on USGS 1:24000 scale 7.5 Minute Quadrangle Map Series. Those maps were used to digitize the glacier polygons that constitute this dataset.  Where glacier perimeters seemed as if they didn’t reflect likely location in the basin topography, e.g. crossing a basin divide, the original photographs were examined to make sure that a major mapping error had not occurred in producing the 1966-1968 maps.</logic>
    <complete>Data set is considered complete for the information presented, as described in the abstract. The focus of this dataset was on the named glaciers of GNP, which represent the majority of the glaciers in the park, however, small ice patches and remnant glacial ice were not included in this survey. Users are advised to read the rest of the metadata record and record attributes for additional details.</complete>
    <posacc>
      <horizpa>
        <horizpar>The approximate horizontal error is approximately 12 meters assuming source data meets National Map Accuracy Standards.</horizpar>
      </horizpa>
      <vertacc>
        <vertaccr>None</vertaccr>
      </vertacc>
    </posacc>
    <lineage>
      <srcinfo>
        <srccite>
          <citeinfo>
            <origin>U.S. Geological Survey</origin>
            <pubdate>Unknown</pubdate>
            <title>USGS 1:24000 scale 7.5 Minute Quadrangle Map Series</title>
            <geoform>Raster Digital Data Set</geoform>
            <pubinfo>
              <pubplace>Reston, VA</pubplace>
              <publish>U.S. Geological Survey</publish>
            </pubinfo>
            <onlink>https://irma.nps.gov/DataStore/Reference/Profile/1019881</onlink>
          </citeinfo>
        </srccite>
        <srcscale>24000</srcscale>
        <typesrc>Digital and/or Hardcopy Resources</typesrc>
        <srctime>
          <timeinfo>
            <rngdates>
              <begdate>1966</begdate>
              <enddate>1968</enddate>
            </rngdates>
          </timeinfo>
          <srccurr>ground condition</srccurr>
        </srctime>
        <srccitea>Q7.5</srccitea>
        <srccontr>Glacier margins were digitized from the USGS 1:24,000 topographic map series.</srccontr>
      </srcinfo>
      <procstep>
        <procdesc>Glaciers and permanent snowfields were digitized from 1:24000 scale quad maps at Glacier NP using GRASS version 4.0 GIS software.</procdesc>
        <procdate>19931201</procdate>
      </procstep>
      <procstep>
        <procdesc>GRASS data were imported to Arc/Info version 7.x at Glacier NP using v.out.dlg (GRASS) and dlg2arc/build (Arc) commands.</procdesc>
        <procdate>19950601</procdate>
      </procstep>
      <procstep>
        <procdesc>Arc/Info coverage converted to shapefile format.</procdesc>
        <procdate>1998</procdate>
      </procstep>
      <procstep>
        <procdesc>Metadata imported.</procdesc>
        <procdate>20090803</procdate>
      </procstep>
      <procstep>
        <procdesc>Import 1966 shapefile in to ArcGIS. Visually determine main body portion of each named glacier and digitize any necessary margin revision at 1:2000 scale with Wacom Pro digital tablet. In several cases, because of the generalized nature of the 1966-1968 mapping, a glacier perimeter did not seem as if it reflected likely location in the basin topography. In these cases the original USGS aerial imagery was referred to for verification and revision if the error seemed significant. Specifics of margin revision are detailed in attribute files for those glaciers that warranted change.</procdesc>
        <procdate>20160825</procdate>
      </procstep>
    </lineage>
  </dataqual>
  <spdoinfo>
    <direct>Vector</direct>
    <ptvctinf>
      <sdtsterm>
        <sdtstype>G-polygon</sdtstype>
        <ptvctcnt>39</ptvctcnt>
      </sdtsterm>
    </ptvctinf>
  </spdoinfo>
  <spref>
    <horizsys>
      <planar>
        <gridsys>
          <gridsysn>Universal Transverse Mercator</gridsysn>
          <utm>
            <utmzone>12</utmzone>
            <transmer>
              <sfctrmer>0.9996</sfctrmer>
              <longcm>-111.0</longcm>
              <latprjo>0.0</latprjo>
              <feast>500000.0</feast>
              <fnorth>0.0</fnorth>
            </transmer>
          </utm>
        </gridsys>
        <planci>
          <plance>coordinate pair</plance>
          <coordrep>
            <absres>0.6096</absres>
            <ordres>0.6096</ordres>
          </coordrep>
          <plandu>Meter</plandu>
        </planci>
      </planar>
      <geodetic>
        <horizdn>D_North_American_1983</horizdn>
        <ellips>GRS_1980</ellips>
        <semiaxis>6378137.0</semiaxis>
        <denflat>298.257222101</denflat>
      </geodetic>
    </horizsys>
  </spref>
  <eainfo>
    <detailed>
      <enttyp>
        <enttypl>Attribute Table</enttypl>
        <enttypd>Table containing attribute information associated with the data set.</enttypd>
        <enttypds>Producer defined</enttypds>
      </enttyp>
      <attr>
        <attrlabl>RECNO</attrlabl>
        <attrdef>Record number: Unique numerical identifier</attrdef>
        <attrdefs>Producer defined</attrdefs>
        <attrdomv>
          <rdom>
            <rdommin>1013</rdommin>
            <rdommax>1601</rdommax>
          </rdom>
        </attrdomv>
      </attr>
      <attr>
        <attrlabl>X_COORD</attrlabl>
        <attrdef>UTM X-coordinate, NAD 1983 UTM Zone 12N</attrdef>
        <attrdefs>Producer defined</attrdefs>
        <attrdomv>
          <rdom>
            <rdommin>263607.079053399</rdommin>
            <rdommax>314303.080687997</rdommax>
            <attrunit>meters</attrunit>
          </rdom>
        </attrdomv>
      </attr>
      <attr>
        <attrlabl>Y_COORD</attrlabl>
        <attrdef>UTM Y-Coordinate, NAD 1983 UTM Zone 12N</attrdef>
        <attrdefs>Producer defined</attrdefs>
        <attrdomv>
          <rdom>
            <rdommin>5356015.8412555</rdommin>
            <rdommax>5430336.81735584</rdommax>
            <attrunit>meters</attrunit>
          </rdom>
        </attrdomv>
      </attr>
      <attr>
        <attrlabl>GLACNAME</attrlabl>
        <attrdef>Glacier Name</attrdef>
        <attrdefs>Producer defined</attrdefs>
        <attrdomv>
          <udom>Unknown</udom>
        </attrdomv>
      </attr>
      <attr>
        <attrlabl>CLASSIFICA</attrlabl>
        <attrdef>The portion of the glacier defined by the polygon</attrdef>
        <attrdefs>Producer defined</attrdefs>
        <attrdomv>
          <edom>
            <edomv>main body of glacier</edomv>
            <edomvd>Unknown</edomvd>
            <edomvds>Producer defined</edomvds>
          </edom>
        </attrdomv>
      </attr>
      <attr>
        <attrlabl>YEAR</attrlabl>
        <attrdef>Year of source data used to delineate glacier margins</attrdef>
        <attrdefs>Producer defined</attrdefs>
        <attrdomv>
          <edom>
            <edomv>1966</edomv>
            <edomvd>Unknown</edomvd>
            <edomvds>Producer defined</edomvds>
          </edom>
        </attrdomv>
      </attr>
      <attr>
        <attrlabl>SOURCE_SCA</attrlabl>
        <attrdef>Scale of source data</attrdef>
        <attrdefs>Producer defined</attrdefs>
        <attrdomv>
          <edom>
            <edomv>1:24000</edomv>
            <edomvd>Unknown</edomvd>
            <edomvds>Producer defined</edomvds>
          </edom>
        </attrdomv>
      </attr>
      <attr>
        <attrlabl>SOURCE</attrlabl>
        <attrdef>Source of imagery used in analysis</attrdef>
        <attrdefs>Producer defined</attrdefs>
        <attrdomv>
          <edom>
            <edomv>USGS 7.5 minute quadrangle map, 1966-1968</edomv>
            <edomvd>Unknown</edomvd>
            <edomvds>Producer defined</edomvds>
          </edom>
        </attrdomv>
        <attrdomv>
          <edom>
            <edomv>USGS 7.5 minute quadrangle map, 66-68/NAIP 2005</edomv>
            <edomvd>Unknown</edomvd>
            <edomvds>Producer defined</edomvds>
          </edom>
        </attrdomv>
        <attrdomv>
          <edom>
            <edomv>USGS Orthorectified Aerial Image from 08/24/1966</edomv>
            <edomvd>Unknown</edomvd>
            <edomvds>Producer defined</edomvds>
          </edom>
        </attrdomv>
      </attr>
      <attr>
        <attrlabl>COMMENT</attrlabl>
        <attrdef>Items of note pertaining to features or imagery issues</attrdef>
        <attrdefs>Producer defined</attrdefs>
        <attrdomv>
          <edom>
            <edomv>1966 margin edited based on 1966 image</edomv>
            <edomvd>Unknown</edomvd>
            <edomvds>Producer defined</edomvds>
          </edom>
        </attrdomv>
        <attrdomv>
          <edom>
            <edomv>1966 margin edited using 2005 as basemap and 1966 image as reference</edomv>
            <edomvd>Unknown</edomvd>
            <edomvds>Producer defined</edomvds>
          </edom>
        </attrdomv>
        <attrdomv>
          <edom>
            <edomv>no comment</edomv>
            <edomvd>no comment regarding imagery use or margin delineation</edomvd>
            <edomvds>Producer defined</edomvds>
          </edom>
        </attrdomv>
      </attr>
      <attr>
        <attrlabl>Shape_Leng</attrlabl>
        <attrdef>Perimeter of glacier polygon</attrdef>
        <attrdefs>Producer defined</attrdefs>
        <attrdomv>
          <rdom>
            <rdommin>729.213204075</rdommin>
            <rdommax>19536.0249984</rdommax>
            <attrunit>meters</attrunit>
          </rdom>
        </attrdomv>
      </attr>
      <attr>
        <attrlabl>Area1966</attrlabl>
        <attrdef>Area of glacier in 1966</attrdef>
        <attrdefs>Producer defined</attrdefs>
        <attrdomv>
          <rdom>
            <rdommin>29140.1216822</rdommin>
            <rdommax>2059376.83899</rdommax>
            <attrunit>meters squared</attrunit>
          </rdom>
        </attrdomv>
      </attr>
      <attr>
        <attrlabl>OWNERSHIP</attrlabl>
        <attrdef>Federal land designation for the location of the glacier</attrdef>
        <attrdefs>Producer defined</attrdefs>
        <attrdomv>
          <edom>
            <edomv>Flathead National Forest</edomv>
            <edomvd>Flathead National Forest, Department of Agriculture</edomvd>
            <edomvds>Producer defined</edomvds>
          </edom>
        </attrdomv>
        <attrdomv>
          <edom>
            <edomv>Glacier National Park</edomv>
            <edomvd>Glacier National Park, Department of Interior</edomvd>
            <edomvds>Producer defined</edomvds>
          </edom>
        </attrdomv>
      </attr>
      <attr>
        <attrlabl>OBJECTID</attrlabl>
        <attrdef>Internal feature number.</attrdef>
        <attrdefs>ESRI</attrdefs>
        <attrdomv>
          <rdom>
            <rdommin>1</rdommin>
            <rdommax>39</rdommax>
          </rdom>
        </attrdomv>
      </attr>
    </detailed>
    <overview>
      <eaover>The entity and attribute information provided here describes the tabular data associated with the data set. Please review the detailed descriptions that are provided (the individual attribute descriptions) for information on the values that appear as fields/table entries of the data set.</eaover>
      <eadetcit>The entity and attribute information was generated by the individual and/or agency identified as the originator of the data set. Please review the rest of the metadata record for additional details and information.</eadetcit>
    </overview>
  </eainfo>
  <distinfo>
    <distrib>
      <cntinfo>
        <cntorgp>
          <cntorg>U.S. Geological Survey</cntorg>
          <cntper>ScienceBase</cntper>
        </cntorgp>
        <cntaddr>
          <addrtype>Mailing and Physical</addrtype>
          <address>Denver Federal Center, Building 810, Mail Stop 302</address>
          <city>Denver</city>
          <state>CO</state>
          <postal>80225</postal>
          <country>USA</country>
        </cntaddr>
        <cntvoice>1-888-275-8747</cntvoice>
        <cntemail>sciencebase@usgs.gov</cntemail>
      </cntinfo>
    </distrib>
    <distliab>Distributor assumes no liability for misuse of data. Unless otherwise stated, all data, metadata and related materials are considered to satisfy the quality standards relative to the purpose for which the data were collected. Although these data and associated metadata have been reviewed for accuracy and completeness and approved for release by the U.S. Geological Survey (USGS), no warranty expressed or implied is made regarding the display or utility of the data on any other system or for general or scientific purposes, nor shall the act of distribution constitute any such warranty.</distliab>
    <stdorder>
      <digform>
        <digtinfo>
          <formname>Vector Digital Data Set (Polygon)</formname>
        </digtinfo>
        <digtopt>
          <onlinopt>
            <computer>
              <networka>
                <networkr>https://dx.doi.org/10.5066/F7P26WB1</networkr>
              </networka>
            </computer>
          </onlinopt>
        </digtopt>
      </digform>
      <fees>None.  No fees are applicable for obtaining the data set.</fees>
    </stdorder>
  </distinfo>
  <metainfo>
    <metd>20200826</metd>
    <metc>
      <cntinfo>
        <cntperp>
          <cntper>Lisa A McKeon</cntper>
          <cntorg>U.S. Geological Survey</cntorg>
        </cntperp>
        <cntpos>Physical Scientist</cntpos>
        <cntaddr>
          <addrtype>Mailing Address</addrtype>
          <address>PO Box 169</address>
          <city>West Glacier</city>
          <state>MT</state>
          <postal>59936</postal>
          <country>USA</country>
        </cntaddr>
        <cntvoice>406-888-7924</cntvoice>
        <cntfax>406-888-7923</cntfax>
        <cntemail>lisa_mckeon@usgs.gov</cntemail>
      </cntinfo>
    </metc>
    <metstdn>FGDC Content Standard for Digital Geospatial Metadata</metstdn>
    <metstdv>FGDC-STD-001-1998</metstdv>
    <mettc>local time</mettc>
  </metainfo>
</metadata>
