<?xml version="1.0" encoding="UTF-8"?>
<metadata>
  <idinfo>
    <citation>
      <citeinfo>
        <origin>Daniel B Fagre</origin>
        <origin>Lisa A McKeon</origin>
        <origin>Michelle M Manly</origin>
        <pubdate>2017</pubdate>
        <title>1998_Glacier margins derived from 1998 aerial imagery for the named glaciers of Glacier National Park, MT and environs</title>
        <geoform>Vector Digital Data Set (Polygon)</geoform>
        <pubinfo>
          <pubplace>Reston, VA</pubplace>
          <publish>U.S. Geological Survey</publish>
        </pubinfo>
        <onlink>https://dx.doi.org/10.5066/F7P26WB1</onlink>
      </citeinfo>
    </citation>
    <descript>
      <abstract>These polygon features represent digitization of the glacier margins for the 37 named glaciers of Glacier National Park (GNP) and the 2 glaciers along the border of GNP derived from aerial images acquired on September 11, 12, 14, 15, 1998. The polygons represent only the main body portion of the glacier as they appeared in the 1998 imagery. Disconnected patches are not included as this dataset represents only the main body features. Polygons were digitized from orthorectified aerial images with initial digitization completed in 2001 by Michelle Manly, University of North Dakota graduate student. This set of polygons represents a thorough review with revisions to the initial dataset based on local knowledge and improved satellite imagery acquired in 2015. In several cases, the much higher resolution 2015 imagery revealed features, such as debris covered ice, where 1998 image analysis had deemed bedrock and actual margins had to be re-evaluated. A Wacom Pro digital tablet was used by USGS staff to trace outlines and make revisions to the original margins. Glaciers were digitized at 1:2000 scale. Since multiple images in time series contribute to this analysis, if previous image showed perennial snow that was absent from the glacier (bedrock visible), then that portion was deemed "seasonal/perennial snow" in subsequent photos and not included in the digitization of 1998 glacier margins.</abstract>
      <purpose>To develop a time series and history of glacier recession in Glacier National Park.  This dataset delineates the 1998 perimeters of the named glaciers of Glacier National Park. Establishing the rates of glacier retreat are key to understanding the Glacier National Park ecosystem and future state of resources. For instance, glacial meltwater provides critical habitat for endangered stream insects. More broadly, retreating glaciers are indicative of long term climate change and have hydrologic and ecologic importance to many park resources. Glaciers and their retreat are of great interest to park visitors and the American public and are part of Glacier National Park's appeal. This is important because Glacier National Park is a major driver of the regional economy. Appropriate use of these data include comparing Glacier National Park's glacier area from different periods such as previous/subsequent years included in the data release, and from different parts of the world. The change in glacier area can be used to test models of glacier-climate interactions, and to estimate glacier contributions to streamflow.</purpose>
      <supplinf>This dataset represents the named glaciers of Glacier National Park (including 2 nearby glaciers on U.S. Forest Service’s Flathead National Forest land). The "named glaciers" constitute a subset of the total snow and ice inventory of the park and do not represent a comprehensive accounting of all glaciers or permanent ice features in the park. A subsequent dataset will be published that will include all cryospheric features and better represent the hydrologic contribution of ice and snow features of the park. As glaciers shrink in size they leave behind remnants of ice and often break up into pieces of ice. The criteria used for determining which bodies of ice constituted a glacier were a) using the largest ice body remaining that was obviously separated by exposed rock from other ice bodies, and b) if the largest ice body was connected to other ice bodies by narrow strips of snow or ice, those other ice bodies were excluded if the strips was thought to be snow or if the (barely) attached ice body was very small relative to the main ice body and was not functioning as part of the glacier, e.g. showing any evidence of movement or contributing ice to the main body. An exception was made if the glacier had separated into two ice bodies of approximately the same size which were each large enough to be glaciers (0.1 km2) and/or were narrowly separated by a ledge where the upper ice body was still delivering ice to the lower body.</supplinf>
    </descript>
    <timeperd>
      <timeinfo>
        <mdattim>
          <sngdate>
            <caldate>19980911</caldate>
          </sngdate>
          <sngdate>
            <caldate>19980912</caldate>
          </sngdate>
          <sngdate>
            <caldate>19980914</caldate>
          </sngdate>
          <sngdate>
            <caldate>19980915</caldate>
          </sngdate>
        </mdattim>
      </timeinfo>
      <current>Observed</current>
    </timeperd>
    <status>
      <progress>Complete</progress>
      <update>None planned</update>
    </status>
    <spdom>
      <bounding>
        <westbc>-114.235885559</westbc>
        <eastbc>-113.503240961</eastbc>
        <northbc>49.00028351</northbc>
        <southbc>48.308979051</southbc>
      </bounding>
    </spdom>
    <keywords>
      <theme>
        <themekt>None</themekt>
        <themekey>glacier</themekey>
        <themekey>glacier area</themekey>
        <themekey>margin</themekey>
        <themekey>cryosphere</themekey>
        <themekey>1998 aerial imagery</themekey>
        <themekey>alpine glacier</themekey>
        <themekey>glacier retreat</themekey>
      </theme>
      <theme>
        <themekt>USGS Thesaurus</themekt>
        <themekey>snow and ice cover</themekey>
      </theme>
      <theme>
        <themekt>ISO 19115 Topic Category</themekt>
        <themekey>environment</themekey>
        <themekey>geoscientificInformation</themekey>
      </theme>
      <theme>
        <themekt>USGS Metadata Identifier</themekt>
        <themekey>USGS:58af765ce4b01ccd54f9f5e7</themekey>
      </theme>
      <place>
        <placekt>None</placekt>
        <placekey>Glacier National Park</placekey>
        <placekey>GLAC</placekey>
        <placekey>Flathead County</placekey>
        <placekey>Glacier County</placekey>
        <placekey>United States</placekey>
        <placekey>North America</placekey>
        <placekey>National Park Service</placekey>
        <placekey>NPS</placekey>
      </place>
      <place>
        <placekt>Common geographic areas</placekt>
        <placekey>Montana</placekey>
      </place>
    </keywords>
    <accconst>None</accconst>
    <useconst>None</useconst>
    <ptcontac>
      <cntinfo>
        <cntorgp>
          <cntorg>U.S. Geological Survey</cntorg>
          <cntper>Daniel B Fagre</cntper>
        </cntorgp>
        <cntpos>Research Ecologist</cntpos>
        <cntaddr>
          <addrtype>mailing address</addrtype>
          <address>PO Box 169</address>
          <city>West Glacier</city>
          <state>MT</state>
          <postal>59936</postal>
          <country>USA</country>
        </cntaddr>
        <cntvoice>406-888-7922</cntvoice>
        <cntfax>406-888-7923</cntfax>
        <cntemail>dan_fagre@usgs.gov</cntemail>
      </cntinfo>
    </ptcontac>
    <datacred>Michelle M Manly (University of North Dakota)</datacred>
    <native>Environment as of Metadata Creation: Microsoft Windows 7 Version 6.1 (Build 7601) Service Pack 1; Esri ArcGIS 10.4.1 (Build 5686) Service Pack N/A (Build N/A)</native>
  </idinfo>
  <dataqual>
    <attracc>
      <attraccr>All orthorectified imagery was visually checked for accuracy against the DOQs used for ground control coordinate information. All final orthorectified images were determined to be of appropriate quality for this study, including the images with an RMSE greater than 1.0. Between three and five scientists digitized and reviewed the mapped perimeters of all named glaciers using the best images available and industry-standard mapping software. The location of mapped ice was finalized by consensus. Potential inaccuracies inherent to the imagery were not addressed except by excluding images that were visually distorted. Mapped perimeters were compared to a limited number of ground surveys using Global Positioning Systems (GPS). For each glacier, supplemental imagery was used to aid in interpreting the exact glacier perimeter. Parts of some perimeters were covered by rock debris or seasonal snow. Some glaciers, particularly those facing north or northeast, were deep in shadows and details in the shadowed areas were difficult to discern. Oblique terrestrial and aerial photography were compared to help delineate the perimeter in those cases. Photographs of all glaciers shot by John Scurlock in 2009 were the most useful. These are available at http://glaciers.research.pdx.edu/image-galleries/Lewis-Range-MT</attraccr>
    </attracc>
    <logic>No formal logical accuracy tests were conducted. Margins were delineated based on visual interpretation of glacial features, supplemented by cross-checking with multiple other images, both terrestrial oblique photography and other sources of aerial photography. GoogleEarth was used for interpreting 3-dimensional aspects of images from aerial and satellite photography.   There were no expected ranges per se. The expectation was that glaciers would shrink or possibly be static in size but would not grow. This occurred. Where glacier perimeters seemed as if they didn’t reflect likely location in the basin topography, extra efforts were made to assess whether rock debris was covering ice.</logic>
    <complete>Data set is considered complete for the information presented, as described in the abstract. The focus of this dataset was on the named glaciers of GNP, which represent the majority of the glaciers in the park, however, small ice patches and remnant glacial ice were not included in this survey. In areas of heavy shading, image distortion, or where image quality was compromised in some way which made margin delineation uncertain, supplementary oblique images were used to aid in margin delineation.  Users are advised to read the rest of the metadata record and record attributes for additional details.</complete>
    <posacc>
      <horizpa>
        <horizpar>A formal accuracy assessment of the horizontal positional information in the data set has not been conducted.</horizpar>
      </horizpa>
      <vertacc>
        <vertaccr>A formal accuracy assessment of the vertical positional information in the data set has either not been conducted, or is not applicable.</vertaccr>
      </vertacc>
    </posacc>
    <lineage>
      <srcinfo>
        <srccite>
          <citeinfo>
            <origin>Michelle M Manly (University of North Dakota student)</origin>
            <pubdate>19980912</pubdate>
            <title>Black and White Orthorectified Aerial Images</title>
            <geoform>Raster Digital Data (Aerial Imagery)</geoform>
            <pubinfo>
              <pubplace>West Glacier, MT</pubplace>
              <publish>USGS Glacier Field Station</publish>
            </pubinfo>
          </citeinfo>
        </srccite>
        <srcscale>15840</srcscale>
        <typesrc>Digital and/or Hardcopy Resources</typesrc>
        <srctime>
          <timeinfo>
            <rngdates>
              <begdate>19980911</begdate>
              <enddate>19980915</enddate>
            </rngdates>
          </timeinfo>
          <srccurr>Observed</srccurr>
        </srctime>
        <srccitea>Source</srccitea>
        <srccontr>Source information used in the development of the orthorectified imagery of which the 1998 glacier margins were digitized from.</srccontr>
      </srcinfo>
      <procstep>
        <procdesc>In 1998 the US Geological Survey contracted Map Inc., of Missoula, MT, to take aerial photographs of the mountainous regions of Glacier National Park, MT. Imagery was acquired on September 11, 12, 14, 15, 1998. The black and white photographs were taken at a 1:15840-scale, with an image resolution of 20 centimeters, film type 2405 B and W, Cal focal length = 152.258mm. The resulting images contained all glacier basins within GNP and were delivered as black and white prints (images reside with USGS office in West Glacier, MT).</procdesc>
        <procdate>19980911</procdate>
      </procstep>
      <procstep>
        <procdesc>To prepare the aerial imagery for analysis, photographs of the named glaciers were digitized and orthorectified by Michelle Manly, University of North Dakota graduate student.  The first step in this process was converting the selected aerial negatives to diapositive format. The diapositives were scanned at 1500dpi, and burned to a compact disc. This process resulted in imagery with 27 cm ground resolution.</procdesc>
        <procdate>20010901</procdate>
      </procstep>
      <procstep>
        <procdesc>Orthorectification was done using Erdas Imagine (version 8.5). Photographs were entered into Orthobase in digital format along with a digital orthophoto quadrangle (DOQ) and a digital elevation model (DEM). Four basic steps are involved with the orthorectification process 1) defining the camera model, 2) point measurement, 3) triangulation, and 4) orthorectification. All orthorectified imagery was visually checked for accuracy against the DOQs used for ground control coordinate information. All final orthorectified images were determined to be of appropriate quality for this study, including the images with an RMSE greater than 1.0.</procdesc>
        <procdate>20011101</procdate>
      </procstep>
      <procstep>
        <procdesc>Import orthorectified image in to ArcGIS.  Visually determine main body portion and digitize margin at 1:2000 scale with Wacom Pro digital tablet. In areas of heavy shading, image distortion, or where image quality was compromised in some way which made margin delineation uncertain, supplemental imagery from another date in 1998 (when possible) or other recent year was used to best determine margin. Users are advised to read the rest of the metadata record and record attributes for additional details. Oblique aerial photos from the USGS collection were also used to determine margin perimeter when source imagery was not adequate.</procdesc>
        <procdate>20160901</procdate>
      </procstep>
    </lineage>
  </dataqual>
  <spdoinfo>
    <direct>Vector</direct>
    <ptvctinf>
      <sdtsterm>
        <sdtstype>G-polygon</sdtstype>
        <ptvctcnt>39</ptvctcnt>
      </sdtsterm>
    </ptvctinf>
  </spdoinfo>
  <spref>
    <horizsys>
      <planar>
        <gridsys>
          <gridsysn>Universal Transverse Mercator</gridsysn>
          <utm>
            <utmzone>12</utmzone>
            <transmer>
              <sfctrmer>0.9996</sfctrmer>
              <longcm>-111.0</longcm>
              <latprjo>0.0</latprjo>
              <feast>500000.0</feast>
              <fnorth>0.0</fnorth>
            </transmer>
          </utm>
        </gridsys>
        <planci>
          <plance>coordinate pair</plance>
          <coordrep>
            <absres>0.6096</absres>
            <ordres>0.6096</ordres>
          </coordrep>
          <plandu>Meter</plandu>
        </planci>
      </planar>
      <geodetic>
        <horizdn>D_North_American_1983</horizdn>
        <ellips>GRS_1980</ellips>
        <semiaxis>6378137.0</semiaxis>
        <denflat>298.257222101</denflat>
      </geodetic>
    </horizsys>
  </spref>
  <eainfo>
    <detailed>
      <enttyp>
        <enttypl>Attribute Table</enttypl>
        <enttypd>Table containing attribute information associated with the data set.</enttypd>
        <enttypds>Producer defined</enttypds>
      </enttyp>
      <attr>
        <attrlabl>RECNO</attrlabl>
        <attrdef>Record number:  Unique numerical identifier</attrdef>
        <attrdefs>Producer defined</attrdefs>
        <attrdomv>
          <rdom>
            <rdommin>1013</rdommin>
            <rdommax>1601</rdommax>
          </rdom>
        </attrdomv>
      </attr>
      <attr>
        <attrlabl>X_COORD</attrlabl>
        <attrdef>UTM X-coordinate, NAD 1983 UTM Zone 12N</attrdef>
        <attrdefs>Producer defined</attrdefs>
        <attrdomv>
          <rdom>
            <rdommin>263431.844913511</rdommin>
            <rdommax>314286.15231539</rdommax>
            <attrunit>meters</attrunit>
          </rdom>
        </attrdomv>
      </attr>
      <attr>
        <attrlabl>Y_COORD</attrlabl>
        <attrdef>UTM Y-Coordinate, NAD 1983 UTM Zone 12N</attrdef>
        <attrdefs>Producer defined</attrdefs>
        <attrdomv>
          <rdom>
            <rdommin>5355989.29268459</rdommin>
            <rdommax>5430413.14778425</rdommax>
            <attrunit>meters</attrunit>
          </rdom>
        </attrdomv>
      </attr>
      <attr>
        <attrlabl>GLACNAME</attrlabl>
        <attrdef>Glacier name</attrdef>
        <attrdefs>Producer defined</attrdefs>
        <attrdomv>
          <udom>Name of glacier</udom>
        </attrdomv>
      </attr>
      <attr>
        <attrlabl>CLASSIFICA</attrlabl>
        <attrdef>The portion of the glacier defined by the polygon</attrdef>
        <attrdefs>Producer defined</attrdefs>
        <attrdomv>
          <edom>
            <edomv>main body of glacier</edomv>
            <edomvd>indicates the portion defined by the polygon to be the primary component of the glacier</edomvd>
            <edomvds>Producer defined</edomvds>
          </edom>
        </attrdomv>
      </attr>
      <attr>
        <attrlabl>YEAR</attrlabl>
        <attrdef>Year of source data used to delineate glacier margins</attrdef>
        <attrdefs>Producer defined</attrdefs>
        <attrdomv>
          <edom>
            <edomv>1998</edomv>
            <edomvd>year 1998 of Gregorian Calendar</edomvd>
            <edomvds>Producer defined</edomvds>
          </edom>
        </attrdomv>
      </attr>
      <attr>
        <attrlabl>SOURCE_SCA</attrlabl>
        <attrdef>Scale of source data</attrdef>
        <attrdefs>Producer defined</attrdefs>
        <attrdomv>
          <edom>
            <edomv>1:15840</edomv>
            <edomvd>map scale of 1:15,840</edomvd>
            <edomvds>Producer defined</edomvds>
          </edom>
        </attrdomv>
      </attr>
      <attr>
        <attrlabl>SOURCE</attrlabl>
        <attrdef>Source of imagery used in analysis</attrdef>
        <attrdefs>Producer defined</attrdefs>
        <attrdomv>
          <edom>
            <edomv>BW Orthorectified aerial images</edomv>
            <edomvd>Black and white aerial images acquired by Map Inc. on Sept. 11, 12, 14, 15, 1998.  Contracted by USGS.  Orthorectified through process of rubbersheeting by Michelle Manly, University of North Dakota. Prints, negatives and diapositives stored at USGS office, West Glacier, MT</edomvd>
            <edomvds>Producer defined</edomvds>
          </edom>
        </attrdomv>
      </attr>
      <attr>
        <attrlabl>COMMENT</attrlabl>
        <attrdef>Items of note pertaining to features or imagery issues</attrdef>
        <attrdefs>Producer defined</attrdefs>
        <attrdomv>
          <edom>
            <edomv>4 main fingers of the terminus were edited to match 2003 gps mapping</edomv>
            <edomvd>Unknown</edomvd>
            <edomvds>Producer defined</edomvds>
          </edom>
        </attrdomv>
        <attrdomv>
          <edom>
            <edomv>finger is rock glacier</edomv>
            <edomvd>Unknown</edomvd>
            <edomvds>Producer defined</edomvds>
          </edom>
        </attrdomv>
        <attrdomv>
          <edom>
            <edomv>image slightly offset</edomv>
            <edomvd>Unknown</edomvd>
            <edomvds>Producer defined</edomvds>
          </edom>
        </attrdomv>
        <attrdomv>
          <edom>
            <edomv>no comment</edomv>
            <edomvd>no comment regarding imagery use or margin delineation</edomvd>
            <edomvds>Producer defined</edomvds>
          </edom>
        </attrdomv>
        <attrdomv>
          <edom>
            <edomv>some image offset</edomv>
            <edomvd>Unknown</edomvd>
            <edomvds>Producer defined</edomvds>
          </edom>
        </attrdomv>
      </attr>
      <attr>
        <attrlabl>Shape_Leng</attrlabl>
        <attrdef>Perimeter of glacier polygon</attrdef>
        <attrdefs>Producer defined</attrdefs>
        <attrdomv>
          <rdom>
            <rdommin>661.900394958</rdommin>
            <rdommax>22877.2408198</rdommax>
            <attrunit>meters</attrunit>
          </rdom>
        </attrdomv>
      </attr>
      <attr>
        <attrlabl>Area1998</attrlabl>
        <attrdef>Area glacier in 1998</attrdef>
        <attrdefs>Producer defined</attrdefs>
        <attrdomv>
          <rdom>
            <rdommin>23756.51</rdommin>
            <rdommax>1846232.52</rdommax>
            <attrunit>meters squared</attrunit>
          </rdom>
        </attrdomv>
      </attr>
      <attr>
        <attrlabl>OWNERSHIP</attrlabl>
        <attrdef>Federal land designation for the location of the glacier</attrdef>
        <attrdefs>Producer defined</attrdefs>
        <attrdomv>
          <edom>
            <edomv>Flathead National Forest</edomv>
            <edomvd>Flathead National Forest, Department of Agriculture</edomvd>
            <edomvds>Producer defined</edomvds>
          </edom>
        </attrdomv>
        <attrdomv>
          <edom>
            <edomv>Glacier National Park</edomv>
            <edomvd>Glacier National Park, Department of Interior</edomvd>
            <edomvds>Producer defined</edomvds>
          </edom>
        </attrdomv>
      </attr>
      <attr>
        <attrlabl>OBJECTID</attrlabl>
        <attrdef>Internal feature number</attrdef>
        <attrdefs>Producer defined</attrdefs>
        <attrdomv>
          <rdom>
            <rdommin>1</rdommin>
            <rdommax>39</rdommax>
          </rdom>
        </attrdomv>
      </attr>
    </detailed>
    <overview>
      <eaover>The entity and attribute information provided here describes the tabular data associated with the data set. Please review the detailed descriptions that are provided (the individual attribute descriptions) for information on the values that appear as fields/table entries of the data set.</eaover>
      <eadetcit>The entity and attribute information was generated by the individual and/or agency identified as the originator of the data set. Please review the rest of the metadata record for additional details and information.</eadetcit>
    </overview>
  </eainfo>
  <distinfo>
    <distrib>
      <cntinfo>
        <cntorgp>
          <cntorg>U.S. Geological Survey</cntorg>
          <cntper>ScienceBase</cntper>
        </cntorgp>
        <cntaddr>
          <addrtype>Mailing and Physical</addrtype>
          <address>Denver Federal Center, Building 810, Mail Stop 302</address>
          <city>Denver</city>
          <state>CO</state>
          <postal>80225</postal>
          <country>USA</country>
        </cntaddr>
        <cntvoice>1-888-275-8747</cntvoice>
        <cntemail>sciencebase@usgs.gov</cntemail>
      </cntinfo>
    </distrib>
    <distliab>Distributor assumes no liability for misuse of data. Unless otherwise stated, all data, metadata and related materials are considered to satisfy the quality standards relative to the purpose for which the data were collected. Although these data and associated metadata have been reviewed for accuracy and completeness and approved for release by the U.S. Geological Survey (USGS), no warranty expressed or implied is made regarding the display or utility of the data on any other system or for general or scientific purposes, nor shall the act of distribution constitute any such warranty.</distliab>
    <stdorder>
      <digform>
        <digtinfo>
          <formname>Vector Digital Data Set (Polygon)</formname>
        </digtinfo>
        <digtopt>
          <onlinopt>
            <computer>
              <networka>
                <networkr>https://dx.doi.org/10.5066/F7P26WB1</networkr>
              </networka>
            </computer>
          </onlinopt>
        </digtopt>
      </digform>
      <fees>None. No fees are applicable for obtaining the data set.</fees>
    </stdorder>
  </distinfo>
  <metainfo>
    <metd>20200826</metd>
    <metc>
      <cntinfo>
        <cntperp>
          <cntper>Lisa A McKeon</cntper>
          <cntorg>U.S. Geological Survey</cntorg>
        </cntperp>
        <cntpos>Physical Scientist</cntpos>
        <cntaddr>
          <addrtype>Mailing Address</addrtype>
          <address>PO Box 169</address>
          <city>West Glacier</city>
          <state>MT</state>
          <postal>59936</postal>
          <country>USA</country>
        </cntaddr>
        <cntvoice>406-888-7924</cntvoice>
        <cntfax>406-888-7923</cntfax>
        <cntemail>lisa_mckeon@usgs.gov</cntemail>
      </cntinfo>
    </metc>
    <metstdn>FGDC Content Standard for Digital Geospatial Metadata</metstdn>
    <metstdv>FGDC-STD-001-1998</metstdv>
  </metainfo>
</metadata>
