<?xml version="1.0" encoding="UTF-8"?>
<metadata>
  <idinfo>
    <citation>
      <citeinfo>
        <origin>Daniel B Fagre</origin>
        <origin>Lisa A McKeon</origin>
        <origin>Kristina A Dick</origin>
        <pubdate>2017</pubdate>
        <title>2005_Glacier margins derived from 2005 NAIP imagery for the named glaciers of Glacier National Park, MT and environs</title>
        <geoform>Vector Digital Data Set (Polygon)</geoform>
        <pubinfo>
          <pubplace>Reston, VA</pubplace>
          <publish>U.S. Geological Survey</publish>
        </pubinfo>
        <onlink>https://dx.doi.org/10.5066/F7P26WB1</onlink>
      </citeinfo>
    </citation>
    <descript>
      <abstract>These polygon features represent digitization of the glacier margins for the 37 named glaciers of Glacier National Park (GNP) and two glaciers on U.S. Forest Service’s Flathead National Forest land, derived from 2005 NAIP imagery. The polygons represent only the main body portion of each glacier as it appeared in 2005 NAIP imagery. Disconnected patches are not included as this dataset represents only the main body features of the named glaciers in GNP and environs. Polygons were digitized from NAIP imagery acquired on the following source dates: 20050731, 20050826, 20050827. Initial digitization was completed by Kristina A Dick, Portland State University graduate student. This set of polygons represents revisions based on supplemental imagery (oblique images in USGS collection, GoogleEarth collection), and local knowledge and interpretation by Dan Fagre and Lisa McKeon (USGS) in February - August, 2016. A Wacom Pro digital tablet was used by USGS staff to digitize outlines and make revisions to the PSU margins.  Glaciers were digitized at 1:2000 scale. Since multiple images in time series contribute to this analysis, if previous image showed perennial snow that was absent from the glacier (bedrock visible), then that portion was deemed "seasonal/perennial snow" in subsequent photos and not included in the digitization of 2005 glacier margins.</abstract>
      <purpose>The purpose of this dataset is to develop a time series and history of glacier recession in Glacier National Park, Montana, USA.  This dataset delineates the 2005 perimeters of the named glaciers of Glacier National Park and two additional glaciers on U.S. Forest Service’s Flathead National Forest land (the Bob Marshall Wilderness Complex) which borders GNP to the south. Establishing the rates of glacier retreat, using the decreasing area of glacier ice, is key to understanding the Glacier National Park ecosystem and future state of resources.  For instance, glacial meltwater provides critical habitat for endangered stream insects. More broadly, retreating glaciers are indicative of long term climate change and have hydrologic and ecologic importance to many park resources. Glaciers and their retreat are of great interest to park visitors and the American public and are part of Glacier National Park's appeal. This is important because Glacier National Park is a major driver of the regional economy. Appropriate use of these data include comparing Glacier National Park's glacier area from different periods, such as previous/subsequent years included in the data release, and from different parts of the world. The change in glacier area can be used to test models of glacier-climate interactions, and to estimate glacier contributions to streamflow.</purpose>
      <supplinf>This dataset represents the named glaciers of Glacier National Park (including 2 nearby glaciers on U.S. Forest Service’s Flathead National Forest land). The "named glaciers" constitute a subset of the total snow and ice inventory of the park and do not represent a comprehensive accounting of all glaciers or permanent ice features in the park. A subsequent dataset will be published that will include all cryospheric features and better represent the hydrologic contribution of ice and snow features of the park. As glaciers shrink in size they leave behind remnants of ice and often break up into pieces of ice. The criteria used for determining which bodies of ice constituted a glacier were a) using the largest ice body remaining that was obviously separated by exposed rock from other ice bodies, and b) if the largest ice body was connected to other ice bodies by narrow strips of snow or ice, those other ice bodies were excluded if the strips were thought to be snow or if the (barely) attached ice body was very small relative to the main ice body and was not functioning as part of the glacier, e.g. showing any evidence of movement or contributing ice to the main body. An exception was made if the glacier had separated into two ice bodies of approximately the same size which were each large enough to be glaciers (0.1 km2) and/or were narrowly separated by a ledge where the upper ice body was still delivering ice to the lower body.</supplinf>
    </descript>
    <timeperd>
      <timeinfo>
        <mdattim>
          <sngdate>
            <caldate>20050731</caldate>
          </sngdate>
          <sngdate>
            <caldate>20050826</caldate>
          </sngdate>
          <sngdate>
            <caldate>20050827</caldate>
          </sngdate>
        </mdattim>
      </timeinfo>
      <current>Observed</current>
    </timeperd>
    <status>
      <progress>Complete</progress>
      <update>None planned</update>
    </status>
    <spdom>
      <bounding>
        <westbc>-114.235880375</westbc>
        <eastbc>-113.503355742</eastbc>
        <northbc>49.000200749</northbc>
        <southbc>48.308824101</southbc>
      </bounding>
    </spdom>
    <keywords>
      <theme>
        <themekt>None</themekt>
        <themekey>glacier</themekey>
        <themekey>glacier area</themekey>
        <themekey>cryosphere</themekey>
        <themekey>alpine glacier</themekey>
        <themekey>2005 NAIP imagery</themekey>
        <themekey>glacier retreat</themekey>
      </theme>
      <theme>
        <themekt>USGS Thesaurus</themekt>
        <themekey>snow and ice cover</themekey>
      </theme>
      <theme>
        <themekt>ISO 19115 Topic Category</themekt>
        <themekey>environment</themekey>
        <themekey>geoscientificInformation</themekey>
      </theme>
      <theme>
        <themekt>USGS Metadata Identifier</themekt>
        <themekey>USGS:58af76bce4b01ccd54f9f5ea</themekey>
      </theme>
      <place>
        <placekt>None</placekt>
        <placekey>Glacier National Park</placekey>
        <placekey>Flathead National Forest</placekey>
      </place>
      <place>
        <placekt>Common geographic areas</placekt>
        <placekey>Montana</placekey>
      </place>
    </keywords>
    <accconst>None</accconst>
    <useconst>None</useconst>
    <ptcontac>
      <cntinfo>
        <cntorgp>
          <cntorg>U.S. Geological Survey</cntorg>
          <cntper>Daniel B. Fagre</cntper>
        </cntorgp>
        <cntpos>Research Ecologist</cntpos>
        <cntaddr>
          <addrtype>mailing address</addrtype>
          <address>PO Box 169</address>
          <city>West Glacier</city>
          <state>MT</state>
          <postal>59936</postal>
          <country>USA</country>
        </cntaddr>
        <cntvoice>406-888-7922</cntvoice>
        <cntfax>406-888-7923</cntfax>
        <cntemail>dan_fagre@usgs.gov</cntemail>
      </cntinfo>
    </ptcontac>
    <datacred>Kristina A Dick (PSU)</datacred>
    <native>Environment as of Metadata Creation: Microsoft Windows 7 Version 6.1 (Build 7601) Service Pack 1; Esri ArcGIS 10.4.1 (Build 5686) Service Pack N/A (Build N/A)</native>
  </idinfo>
  <dataqual>
    <attracc>
      <attraccr>Between three and five scientists digitized and reviewed the mapped perimeters of all named glaciers using the best images available and industry-standard mapping software. The location of mapped ice was finalized by consensus. Potential inaccuracies inherent to the imagery were not addressed except by excluding images that were visually distorted. Mapped perimeters were compared to a limited number of ground surveys using Global Positioning Systems (GPS). WorldView, NAIP and other products downloaded from web sources were already corrected for spatial accuracy and were used as is, i.e. no additional geo- or ortho-rectification was conducted. https://gdg.sc.egov.usda.gov/ . For each glacier, supplemental imagery was used to aid in interpreting the exact glacier perimeter. Parts of some perimeters were covered by rock debris or seasonal snow. Some glaciers, particularly those facing north or northeast, were deep in shadows and details in the shadowed areas were difficult to discern. Oblique terrestrial and aerial photography were compared to help delineate the perimeter in those cases. Photographs of all glaciers shot by John Scurlock in 2009 were the most useful.  These are available at http://glaciers.research.pdx.edu/image-galleries/Lewis-Range-MT . In areas of heavy shading, image distortion, or where image quality was compromised in some way which made margin delineation uncertain, suitable images from the next most recent year were used. Thus, several glacier perimeters were digitized from 1998 or 2003 NAPP instead of 2005, as noted in the attribute table.</attraccr>
    </attracc>
    <logic>No formal logical accuracy tests were conducted. Margins were delineated based on visual interpretation of glacial features, supplemented by cross-checking with multiple other images, both terrestrial oblique photography and other sources of aerial photography. GoogleEarth was used for interpreting 3-dimensional aspects of images from aerial and satellite photography.   There were no expected ranges per se. The expectation was that glaciers would shrink or possibly be static in size but would not grow. This occurred. Where glacier perimeters seemed as if they didn’t reflect likely location in the basin topography, extra efforts were made to assess whether rock debris was covering ice.</logic>
    <complete>Data set is considered complete for the information presented, as described in the abstract. The focus of this dataset was on the named glaciers of GNP, which represent the majority of the glaciers in the park, however, small ice patches and remnant glacial ice were not included in this survey. In areas of heavy shading, image distortion, or where image quality was compromised in some way which made margin delineation uncertain, suitable images from the next most recent year were used. Users are advised to read the rest of the metadata record and record attributes for additional details.</complete>
    <posacc>
      <horizpa>
        <horizpar>A formal accuracy assessment of the horizontal positional information in the data set has not been conducted.</horizpar>
      </horizpa>
      <vertacc>
        <vertaccr>A formal accuracy assessment of the vertical positional information in the data set has either not been conducted, or is not applicable.</vertaccr>
      </vertacc>
    </posacc>
    <lineage>
      <srcinfo>
        <srccite>
          <citeinfo>
            <origin>USDA Farm Service Agency</origin>
            <pubdate>2005</pubdate>
            <title>NAIP 2005 aerial imagery</title>
            <geoform>Raster Digital Data (Aerial Imagery)</geoform>
            <pubinfo>
              <pubplace>Salt Lake City, UT</pubplace>
              <publish>National Agriculture Imagery Program</publish>
            </pubinfo>
            <onlink>https://www.fsa.usda.gov/programs-and-services/aerial-photography/imagery-programs/naip-imagery/</onlink>
          </citeinfo>
        </srccite>
        <typesrc>Digital and/or Hardcopy Resources</typesrc>
        <srctime>
          <timeinfo>
            <rngdates>
              <begdate>20050731</begdate>
              <enddate>20050827</enddate>
            </rngdates>
          </timeinfo>
          <srccurr>Observed</srccurr>
        </srctime>
        <srccitea>NAIP2005</srccitea>
        <srccontr>Source information used in support of the development of the data set.</srccontr>
      </srcinfo>
      <procstep>
        <procdesc>Import NAIP 2005 (1m) imagery from Farm Service Agency website into ArcGis platform (https://gis.apfo.usda.gov/arcgis/services). Visually determine main body portion and digitize margin at 1:2000 scale with Wacom Pro digital tablet. In areas of heavy shading, image distortion, or where image quality was compromised in some way which made margin delineation uncertain, suitable images from the next most recent year were used as noted in attribute table. Oblique aerial photos from the USGS collection were also referenced to determine margin perimeter when source imagery was not adequate.</procdesc>
        <procdate>20161010</procdate>
      </procstep>
    </lineage>
  </dataqual>
  <spdoinfo>
    <direct>Vector</direct>
    <ptvctinf>
      <sdtsterm>
        <sdtstype>G-polygon</sdtstype>
        <ptvctcnt>39</ptvctcnt>
      </sdtsterm>
    </ptvctinf>
  </spdoinfo>
  <spref>
    <horizsys>
      <planar>
        <gridsys>
          <gridsysn>Universal Transverse Mercator</gridsysn>
          <utm>
            <utmzone>12</utmzone>
            <transmer>
              <sfctrmer>0.9996</sfctrmer>
              <longcm>-111.0</longcm>
              <latprjo>0.0</latprjo>
              <feast>500000.0</feast>
              <fnorth>0.0</fnorth>
            </transmer>
          </utm>
        </gridsys>
        <planci>
          <plance>coordinate pair</plance>
          <coordrep>
            <absres>0.6096</absres>
            <ordres>0.6096</ordres>
          </coordrep>
          <plandu>Meter</plandu>
        </planci>
      </planar>
      <geodetic>
        <horizdn>D_North_American_1983</horizdn>
        <ellips>GRS_1980</ellips>
        <semiaxis>6378137.0</semiaxis>
        <denflat>298.257222101</denflat>
      </geodetic>
    </horizsys>
  </spref>
  <eainfo>
    <detailed>
      <enttyp>
        <enttypl>Attribute Table</enttypl>
        <enttypd>Table containing attribute information associated with the data set.</enttypd>
        <enttypds>Producer defined</enttypds>
      </enttyp>
      <attr>
        <attrlabl>RECNO</attrlabl>
        <attrdef>Record number:  Unique numerical identifier</attrdef>
        <attrdefs>Producer defined</attrdefs>
        <attrdomv>
          <rdom>
            <rdommin>1013</rdommin>
            <rdommax>1601</rdommax>
          </rdom>
        </attrdomv>
      </attr>
      <attr>
        <attrlabl>X_COORD</attrlabl>
        <attrdef>UTM X-coordinate, NAD 1983 UTM Zone 12N</attrdef>
        <attrdefs>Producer defined</attrdefs>
        <attrdomv>
          <rdom>
            <rdommin>263429.314754988</rdommin>
            <rdommax>314284.181151531</rdommax>
            <attrunit>meters</attrunit>
          </rdom>
        </attrdomv>
      </attr>
      <attr>
        <attrlabl>Y_COORD</attrlabl>
        <attrdef>UTM Y-Coordinate, NAD 1983 UTM Zone 12N</attrdef>
        <attrdefs>Producer defined</attrdefs>
        <attrdomv>
          <rdom>
            <rdommin>5355978.03322125</rdommin>
            <rdommax>5430417.28579019</rdommax>
            <attrunit>meters</attrunit>
          </rdom>
        </attrdomv>
      </attr>
      <attr>
        <attrlabl>GLACNAME</attrlabl>
        <attrdef>Glacier name</attrdef>
        <attrdefs>Producer defined</attrdefs>
        <attrdomv>
          <udom>Name of glacier</udom>
        </attrdomv>
      </attr>
      <attr>
        <attrlabl>CLASSIFICA</attrlabl>
        <attrdef>The portion defined by the polygon to be the primary component of the glacier</attrdef>
        <attrdefs>Producer defined</attrdefs>
        <attrdomv>
          <edom>
            <edomv>main body of glacier</edomv>
            <edomvd>indicates the portion defined by the polygon to be the primary component of the glacier</edomvd>
            <edomvds>Producer defined</edomvds>
          </edom>
        </attrdomv>
      </attr>
      <attr>
        <attrlabl>YEAR</attrlabl>
        <attrdef>Year of source data used to delineate glacier margins</attrdef>
        <attrdefs>Producer defined</attrdefs>
        <attrdomv>
          <edom>
            <edomv>1998</edomv>
            <edomvd>year 1998 of Gregorian Calendar</edomvd>
            <edomvds>Producer defined</edomvds>
          </edom>
        </attrdomv>
        <attrdomv>
          <edom>
            <edomv>2003</edomv>
            <edomvd>year 2003 of Gregorian Calendar</edomvd>
            <edomvds>Producer defined</edomvds>
          </edom>
        </attrdomv>
        <attrdomv>
          <edom>
            <edomv>2005</edomv>
            <edomvd>year 2005 of Gregorian Calendar</edomvd>
            <edomvds>Producer defined</edomvds>
          </edom>
        </attrdomv>
        <attrdomv>
          <edom>
            <edomv>2005/1998</edomv>
            <edomvd>years 2005 and 1998 of Gregorian Calendar</edomvd>
            <edomvds>Producer defined</edomvds>
          </edom>
        </attrdomv>
        <attrdomv>
          <edom>
            <edomv>2005/2003</edomv>
            <edomvd>years 2005 and 2003 of Gregorian Calendar</edomvd>
            <edomvds>Producer defined</edomvds>
          </edom>
        </attrdomv>
      </attr>
      <attr>
        <attrlabl>SOURCE_SCA</attrlabl>
        <attrdef>Scale of source data</attrdef>
        <attrdefs>Producer defined</attrdefs>
        <attrdomv>
          <edom>
            <edomv>1:12000</edomv>
            <edomvd>map scale of 1:12,000</edomvd>
            <edomvds>Producer defined</edomvds>
          </edom>
        </attrdomv>
        <attrdomv>
          <edom>
            <edomv>1:15840</edomv>
            <edomvd>map scale of 1:15,840</edomvd>
            <edomvds>Producer defined</edomvds>
          </edom>
        </attrdomv>
      </attr>
      <attr>
        <attrlabl>SOURCE</attrlabl>
        <attrdef>Source of imagery used in analysis</attrdef>
        <attrdefs>Producer defined</attrdefs>
        <attrdomv>
          <edom>
            <edomv>1998 orthorectified aerial image</edomv>
            <edomvd>1998 black and white orthorectified aerial images, USGS</edomvd>
            <edomvds>Producer defined</edomvds>
          </edom>
        </attrdomv>
        <attrdomv>
          <edom>
            <edomv>2003 NAPP</edomv>
            <edomvd>2003 National Aerial Photography Program imagery https://lta.cr.usgs.gov/NAPP</edomvd>
            <edomvds>Producer defined</edomvds>
          </edom>
        </attrdomv>
        <attrdomv>
          <edom>
            <edomv>2003 NAPP/1998 orthorectified aerial image</edomv>
            <edomvd>2003 National Aerial Photography Program imagery https://lta.cr.usgs.gov/NAPP 1998 black and white orthorectified aerial images, USGS</edomvd>
            <edomvds>Producer defined</edomvds>
          </edom>
        </attrdomv>
        <attrdomv>
          <edom>
            <edomv>2005 NAIP</edomv>
            <edomvd>2005 National Agriculture Imagery Program imagery https://lta.cr.usgs.gov/NAIP</edomvd>
            <edomvds>Producer defined</edomvds>
          </edom>
        </attrdomv>
        <attrdomv>
          <edom>
            <edomv>2005 NAIP/1998 orthorectified aerial image</edomv>
            <edomvd>2005 National Agriculture Imagery Program imagery https://lta.cr.usgs.gov/NAIP 1998 black and white orthorectified aerial images, USGS</edomvd>
            <edomvds>Producer defined</edomvds>
          </edom>
        </attrdomv>
        <attrdomv>
          <edom>
            <edomv>2005 NAIP/2003 NAPP</edomv>
            <edomvd>2005 National Agriculture Imagery Program imagery https://lta.cr.usgs.gov/NAIP 2003 National Aerial Photography Program imagery https://lta.cr.usgs.gov/NAPP</edomvd>
            <edomvds>Producer defined</edomvds>
          </edom>
        </attrdomv>
      </attr>
      <attr>
        <attrlabl>Shape_Leng</attrlabl>
        <attrdef>Perimeter of glacier polygon</attrdef>
        <attrdefs>Producer defined</attrdefs>
        <attrdomv>
          <rdom>
            <rdommin>675.510857117</rdommin>
            <rdommax>24577.0179402</rdommax>
            <attrunit>meters</attrunit>
          </rdom>
        </attrdomv>
      </attr>
      <attr>
        <attrlabl>Area2005</attrlabl>
        <attrdef>Area of glacier in 2005</attrdef>
        <attrdefs>Producer defined</attrdefs>
        <attrdomv>
          <rdom>
            <rdommin>23527.27</rdommin>
            <rdommax>1697714.47</rdommax>
            <attrunit>meters squared</attrunit>
          </rdom>
        </attrdomv>
      </attr>
      <attr>
        <attrlabl>OWNERSHIP</attrlabl>
        <attrdef>Federal land designation for the location of the glacier</attrdef>
        <attrdefs>Producer defined</attrdefs>
        <attrdomv>
          <edom>
            <edomv>Flathead National Forest</edomv>
            <edomvd>Flathead National Forest, Department of Agriculture</edomvd>
            <edomvds>Producer defined</edomvds>
          </edom>
        </attrdomv>
        <attrdomv>
          <edom>
            <edomv>Glacier National Park</edomv>
            <edomvd>Glacier National Park, Department of Interior</edomvd>
            <edomvds>Producer defined</edomvds>
          </edom>
        </attrdomv>
      </attr>
      <attr>
        <attrlabl>COMMENT</attrlabl>
        <attrdef>Items of note pertaining to features or imagery issues</attrdef>
        <attrdefs>Producer defined</attrdefs>
        <attrdomv>
          <edom>
            <edomv>1998 headwall zone and 2005 NAIP for terminus</edomv>
            <edomvd>Unknown</edomvd>
            <edomvds>Producer defined</edomvds>
          </edom>
        </attrdomv>
        <attrdomv>
          <edom>
            <edomv>finger is rock glacier</edomv>
            <edomvd>Unknown</edomvd>
            <edomvds>Producer defined</edomvds>
          </edom>
        </attrdomv>
        <attrdomv>
          <edom>
            <edomv>image heavily shaded</edomv>
            <edomvd>Unknown</edomvd>
            <edomvds>Producer defined</edomvds>
          </edom>
        </attrdomv>
        <attrdomv>
          <edom>
            <edomv>no comment</edomv>
            <edomvd>no comment regarding imagery use or margin delineation</edomvd>
            <edomvds>Producer defined</edomvds>
          </edom>
        </attrdomv>
        <attrdomv>
          <edom>
            <edomv>outline based on 2003 NAPP image for headwall region, terminus is 1998 ortho image</edomv>
            <edomvd>Unknown</edomvd>
            <edomvds>Producer defined</edomvds>
          </edom>
        </attrdomv>
        <attrdomv>
          <edom>
            <edomv>used 2003 NAPP to delineate margin areas that are heavily shaded or have persistent seasonal snow</edomv>
            <edomvd>Unknown</edomvd>
            <edomvds>Producer defined</edomvds>
          </edom>
        </attrdomv>
        <attrdomv>
          <edom>
            <edomv>utilized 2015 imagery for western margin delineation that is debris covered</edomv>
            <edomvd>Unknown</edomvd>
            <edomvds>Producer defined</edomvds>
          </edom>
        </attrdomv>
      </attr>
      <attr>
        <attrlabl>OBJECTID</attrlabl>
        <attrdef>Internal feature number</attrdef>
        <attrdefs>Producer defined</attrdefs>
        <attrdomv>
          <rdom>
            <rdommin>1</rdommin>
            <rdommax>39</rdommax>
          </rdom>
        </attrdomv>
      </attr>
    </detailed>
    <overview>
      <eaover>The entity and attribute information provided here describes the tabular data associated with the data set. Please review the detailed descriptions that are provided (the individual attribute descriptions) for information on the values that appear as fields/table entries of the data set.</eaover>
      <eadetcit>The entity and attribute information was generated by the individual and/or agency identified as the originator of the data set. Please review the rest of the metadata record for additional details and information.</eadetcit>
    </overview>
  </eainfo>
  <distinfo>
    <distrib>
      <cntinfo>
        <cntorgp>
          <cntorg>U.S. Geological Survey</cntorg>
          <cntper>ScienceBase</cntper>
        </cntorgp>
        <cntaddr>
          <addrtype>Mailing and Physical</addrtype>
          <address>Denver Federal Center, Building 810, Mail Stop 302</address>
          <city>Denver</city>
          <state>CO</state>
          <postal>80225</postal>
          <country>USA</country>
        </cntaddr>
        <cntvoice>1-888-275-8747</cntvoice>
        <cntemail>sciencebase@usgs.gov</cntemail>
      </cntinfo>
    </distrib>
    <distliab>Distributor assumes no liability for misuse of data. Unless otherwise stated, all data, metadata and related materials are considered to satisfy the quality standards relative to the purpose for which the data were collected. Although these data and associated metadata have been reviewed for accuracy and completeness and approved for release by the U.S. Geological Survey (USGS), no warranty expressed or implied is made regarding the display or utility of the data on any other system or for general or scientific purposes, nor shall the act of distribution constitute any such warranty.</distliab>
    <stdorder>
      <digform>
        <digtinfo>
          <formname>Vector Digital Data Set (Polygon)</formname>
        </digtinfo>
        <digtopt>
          <onlinopt>
            <computer>
              <networka>
                <networkr>https://dx.doi.org/10.5066/F7P26WB1</networkr>
              </networka>
            </computer>
          </onlinopt>
        </digtopt>
      </digform>
      <fees>None. No fees are applicable for obtaining the data set.</fees>
    </stdorder>
  </distinfo>
  <metainfo>
    <metd>20200826</metd>
    <metc>
      <cntinfo>
        <cntperp>
          <cntper>Lisa A Mckeon</cntper>
          <cntorg>U.S. Geological Survey</cntorg>
        </cntperp>
        <cntpos>Physical Scientist</cntpos>
        <cntaddr>
          <addrtype>Mailing</addrtype>
          <address>PO Box 169</address>
          <city>West Glacier</city>
          <state>MT</state>
          <postal>59936</postal>
          <country>USA</country>
        </cntaddr>
        <cntvoice>406-888-7924</cntvoice>
        <cntfax>406-888-7923</cntfax>
        <cntemail>lisa_mckeon@usgs.gov</cntemail>
      </cntinfo>
    </metc>
    <metstdn>FGDC Content Standard for Digital Geospatial Metadata</metstdn>
    <metstdv>FGDC-STD-001-1998</metstdv>
  </metainfo>
</metadata>
